"slang","meaning"
"Sporking Out","When you accidentally take way too many utensils at a fast-food place."
"Frog Mode","When you're just sitting there, doing nothing, but feeling like a king."
"Breadcrumbing","Giving someone just enough attention to keep them confused but not enough to commit (like dropping breadcrumbs)."
"Pillow Regret","That feeling when you flip to the cool side of the pillow and realize the warm side was better."
"Cheese-boarding","The act of cutting a piece of cheese just to 'test' it, then eating the whole block."
"Microwave Anxiety","Staring at the microwave with 3 seconds left, deciding whether to stop it before the beep."
"Laptop Yoga","Trying every possible position in bed while using your laptop before giving up and sitting normally."
"Gargoyle Sitting","When you squat on a chair like some kind of urban cryptid."
"Textnesia","Forgetting what you were about to type the moment you open the chat."
"Sock Roulette","When you put on socks without checking, and one has a hole in it."
"Bubblewrap Regret","Popping all the bubbles too fast and feeling empty inside."
"Unicorn Parking","Finding a perfect parking spot but realizing you drove past it."
"Alarm Betrayal","When you wake up one minute before your alarm goes off."
"Snackcavation","Digging through a bag of chips to find the biggest, most perfect one."
"Ghost Typing","Starting a text, deleting it, and never sending it."
"Cart Jenga","Stacking too much in your shopping cart and hoping nothing falls."
"Sleep Procrastination","Being tired but refusing to sleep because you’re busy doing nothing."
"Airplane Mode Panic","Turning off airplane mode and instantly checking if anyone missed you (they didn’t)."
"Charger Gymnastics","Stretching your phone charger cable to the limit instead of just sitting closer."
"Netflix Nomad","Jumping from show to show without ever finishing anything."
"Fridge Blindness","Staring into the fridge hoping food will appear."
"Button Masher","Pressing an elevator or crosswalk button multiple times thinking it makes it go faster."
"Headphone Fishing","Trying to untangle your headphones for 10 minutes just to use them for 5."
"Coffee Regret","Drinking too much coffee and feeling like a hyper-caffeinated squirrel."
"Zombie Scrolling","Mindlessly scrolling on your phone with no idea what you’re looking at."
"USB Roulette","Trying to plug in a USB the wrong way three times before realizing it was right the first time."
"Snack Math","Convincing yourself that eating multiple small snacks doesn’t count as a full meal."
"Blanket Fortress","Wrapping yourself in blankets like a burrito and refusing to move."
"Parking Mirage","Thinking you've found a spot but realizing it’s a motorcycle or fire hydrant."
"Snooze-loop","Setting five alarms and snoozing every single one."
"Spill-usion","Believing you can carry a full cup without spilling—then spilling instantly."
"Car DJ Panic","Trying to pick the perfect song before the stoplight turns green."
"Fan Loyalty","Sleeping with a fan on even when it’s freezing because it’s part of your identity now."
"Remote Seeker","Looking for the TV remote for 30 minutes only to find it under yourself."
"Toaster Fear","Jumping in terror when your toast finally pops up."
"Wallet Phantom","Thinking you lost your wallet but it's just in your other pocket."
"Shower Epiphany","Having the best ideas ever in the shower but forgetting them immediately."
"Keyboard Acrobatics","Reaching for something while typing and hitting every key but the right one."
"Night Owl Math","Calculating how much sleep you’ll get if you go to bed *right now*—but still staying up."
"Doorway Amnesia","Walking into a room and forgetting why you’re there."
"Hand Sanitizer Betrayal","Using too much and now your hands are sticky for 10 minutes."
"Spicy Water","Accidentally drinking sparkling water when you expected normal water."
"Popcorn Crisis","Grabbing a handful of popcorn and missing your mouth completely."
"Laundry Limbo","Washing your clothes but never actually putting them away."
"Library Whisper Scream","Trying to whisper but somehow being louder than normal."
"Casual Jedi","Waving your hand at automatic doors as if using the Force."
"Snack Tax","Someone taking a bite of your food after saying they weren’t hungry."
"Ghosting Your Alarm","Turning it off and pretending it never happened."
"Velcro Dilemma","When your shoes are too tight with the strap but too loose without it."
"Battery Chicken","Racing to charge your phone before it dies."
"Hotspot Hero","Letting a friend use your phone’s hotspot and feeling like a tech god."
"Fountain Failure","Trying to drink from a water fountain and getting sprayed in the face."
"Sticker Regret","Committing to putting a sticker on something but immediately regretting it."
"Hat Hair Trap","Wearing a hat and forgetting that taking it off means instant disaster."
"Early Exit Panic","Accidentally leaving a conversation too soon and awkwardly walking back."
"Traffic Tetris","Trying to switch lanes but every car blocks you like a perfect defense."
"Echo Panic","Saying 'what?' and understanding the person right as they start repeating."
"Closet Archaeology","Finding an old shirt and wondering why you ever stopped wearing it."
"Speedwalk Showdown","Matching pace with a stranger and trying to escape the awkwardness."
"Couch Magnet","Sitting down for 'just a second' and not getting up for hours."
"Awkward Phone Grip","Switching hands while texting and almost dropping your phone."
"Seatbelt Acrobatics","Twisting in every direction trying to grab the seatbelt."
"Sock Dimension","Losing a sock in the wash and never seeing it again."
"Sunlight Sneak Attack","Thinking it's cold outside but instantly regretting wearing a sweater."
"Phone Peek","Checking your phone in a social situation and hoping no one notices."
"Headphone Phantom","Feeling your headphones are in your ears when they’re actually not."
"Remote Control Anxiety","Pointing the remote directly at the TV even though it works from any angle."
"Pocket Jingle","Having just enough change in your pocket to sound like a medieval knight."
"Sticky Note Betrayal","Writing something important on a sticky note and immediately losing it."
"Power Cord Limbo","Having to move your laptop just slightly to stay plugged in."
"Shirt Napkin","Wiping your hands on your shirt instead of getting an actual napkin."
"Dish Jenga","Stacking dishes in the sink to avoid doing them."
"Keyboard Autopilot","Typing something totally unrelated because your fingers are used to the motion."
"Text Loop","Both people in a conversation typing at the same time and stopping at the same time."
"Bathroom Regret","Not going to the bathroom before a long trip and instantly regretting it."
"Cereal Gambler","Pouring cereal before checking if there’s any milk left."
"Meeting Mime","Nodding in agreement even though you weren’t paying attention."
"Screen Tan","Realizing your entire face is lit up by your phone screen in the dark."
"Bubblewrap Hoarder","Keeping bubble wrap for 'later' and never using it."
"TV Sound War","Turning up the volume for quiet dialogue, then getting blasted by the action scene."
"Pizza Math","Convincing yourself that eating four small slices is better than two big ones."
"Driveway Debate","Sitting in the car for five minutes after getting home just because."
"Nap Roulette","Taking a nap and having no idea if you slept for 20 minutes or 5 hours."
"Milk First Madness","Pouring milk before cereal like some kind of chaotic being."
"Spilled Coffee Sigh","Accepting your fate after spilling coffee on yourself again."
"Sticky Hand Crisis","Touching something sticky and never figuring out what it was."